{"cameraMode":{"drawMode":0,"name":"Shaded","section":"Shading Mode"},"sceneLighting":true,"audioPlay":false,"sceneViewState":{"showFog":true,"showMaterialUpdate":false,"showSkybox":true,"showFlares":true,"showImageEffects":true,"showParticleSystems":true},"in2DMode":false,"pivot":{"x":1291.4364013671875,"y":922.91796875,"z":1027.276611328125},"rotation":{"x":-0.021299714222550393,"y":-0.02789297327399254,"z":0.0005945193115621805,"w":-0.9993854761123657},"size":4450.75341796875,"orthographic":false}