{"cameraMode":{"drawMode":0,"name":"Shaded","section":"Shading Mode"},"sceneLighting":false,"audioPlay":false,"sceneViewState":{"showFog":true,"showMaterialUpdate":false,"showSkybox":false,"showFlares":true,"showImageEffects":true,"showParticleSystems":true},"in2DMode":false,"pivot":{"x":8.70556640625,"y":-9.019254684448243,"z":0.79296875},"rotation":{"x":0.18198134005069734,"y":0.00294996309094131,"z":-0.0005439623491838574,"w":0.9833088517189026},"size":59.34833908081055,"orthographic":true}